{
    "NO": 0.2734730210431726,
    "SO": -0.06094900180684683,
    "PO": -0.14257153352901053
}